{
  "version": 1,
  "generatedAt": "2026-01-18T09:48:20.300Z",
  "source": "discord-bot",
  "data": [
    {
      "nextEvent": {
        "title": "Metronome Fundraiser",
        "timeText": "2026-01-18 21:30 CET",
        "url": "https://discord.com/events/1178448989566283779/1462228724794658917",
        "subtitle": "https://forums.pokemmo.com/index.php?/topic/19550...",
        "gifSrc": "img/symbols/shinyshroomsprite.png"
      },
      "bounty": {
        "url": "https://www.twitch.tv/privacysir",
        "gifSrc": "img/symbols/laprasbounty.png"
      },
      "hotw": {
        "name": "Paulus",
        "titleText": "Hunter of the Week",
        "reasonText": "Most Shiny Points last week",
        "weekText": "Week 03",
        "gifSrc": "img/membersprites/paulustftsprite.gif"
      }
    }
  ]
}
